id,key,self,resolutiondate,created,resolutiontime,timespent,commentlength,tone,relevance,descriptive
'13285717', 'JENA-1842', 'https://issues.apache.org/jira/rest/api/2/issue/13285717', '2020-02-22T16:14:48.000+0000', '2020-02-17T09:00:13.000+0000',5, 1200,310,professional,1,1
'13236871', 'NIFIREG-276', 'https://issues.apache.org/jira/rest/api/2/issue/13236871', '2019-06-03T02:26:34.000+0000', '2019-05-31T14:19:05.000+0000',2, 2400,834,neutral,1,1
'13258545', 'JUNEAU-158', 'https://issues.apache.org/jira/rest/api/2/issue/13258545', '2019-11-02T22:26:18.000+0000', '2019-09-24T12:53:06.000+0000',39, 2400,685,professional,1,1
'13426456', 'JAMES-3712', 'https://issues.apache.org/jira/rest/api/2/issue/13426456', '2022-02-08T02:04:04.000+0000', '2022-02-03T15:32:50.000+0000',4, 600,1057,neutral,1,1
'13063347', 'ASTERIXDB-1881', 'https://issues.apache.org/jira/rest/api/2/issue/13063347', '2017-05-07T19:17:37.000+0000', '2017-04-12T00:00:10.000+0000',25, 3600,331,professional,1,1
'13289363', 'YUNIKORN-9', 'https://issues.apache.org/jira/rest/api/2/issue/13289363', '2020-03-04T02:10:54.000+0000', '2020-03-04T01:21:49.000+0000',0, 600,882,professional,1,1
'13380459', 'MAPREDUCE-7348', 'https://issues.apache.org/jira/rest/api/2/issue/13380459', '2021-05-26T06:53:46.000+0000', '2021-05-26T04:27:04.000+0000',0, 2400,1435,neutral,1,1
'13309043', 'SLING-9498', 'https://issues.apache.org/jira/rest/api/2/issue/13309043', '2020-06-05T20:18:46.000+0000', '2020-06-02T20:45:34.000+0000',2, 3600,1641,professional,1,1
'13229930', 'MRESOLVER-88', 'https://issues.apache.org/jira/rest/api/2/issue/13229930', '2019-06-08T11:26:51.000+0000', '2019-04-24T17:43:33.000+0000',44, 1200,192,professional,1,1
'13244099', 'BCEL-323', 'https://issues.apache.org/jira/rest/api/2/issue/13244099', '2019-07-10T18:58:35.000+0000', '2019-07-10T12:38:12.000+0000',0, 1200,3278,neutral,1,1
'13177694', 'DATAFU-148', 'https://issues.apache.org/jira/rest/api/2/issue/13177694', '2019-07-17T11:46:14.000+0000', '2018-08-08T14:49:47.000+0000',342, 2400,80,neutral,1,1
'13222920', 'UIMA-6012', 'https://issues.apache.org/jira/rest/api/2/issue/13222920', '2019-03-20T19:21:14.000+0000', '2019-03-20T18:53:28.000+0000',0, 1200,1118,neutral,1,1
'13299347', 'AXIOM-502', 'https://issues.apache.org/jira/rest/api/2/issue/13299347', '2020-04-18T17:41:34.000+0000', '2020-04-18T08:47:14.000+0000',0, 1200,801,professional,1,1
'13246099', 'NUMBERS-132', 'https://issues.apache.org/jira/rest/api/2/issue/13246099', '2019-08-08T21:54:37.000+0000', '2019-07-20T00:00:06.000+0000',19, 1800,832,neutral,1,1
'13318494', 'WW-5084', 'https://issues.apache.org/jira/rest/api/2/issue/13318494', '2021-01-03T09:42:21.000+0000', '2020-07-21T13:17:21.000+0000',165, 18600,801,professional,1,1
'13167963', 'CB-14166', 'https://issues.apache.org/jira/rest/api/2/issue/13167963', '2019-03-15T07:07:37.000+0000', '2018-06-25T05:02:14.000+0000',263, 600,633,frustrated,1,1
'13282893', 'LUCENE-9201', 'https://issues.apache.org/jira/rest/api/2/issue/13282893', '2020-05-03T14:17:26.000+0000', '2020-02-03T03:43:46.000+0000',90, 16200,208,neutral,1,1
'13154700', 'VFS-662', 'https://issues.apache.org/jira/rest/api/2/issue/13154700', '2019-04-29T15:50:36.000+0000', '2018-04-24T05:20:55.000+0000',370, 1800,1080,frustrated,1,1
'13389730', 'CSV-284', 'https://issues.apache.org/jira/rest/api/2/issue/13389730', '2021-07-15T13:05:37.000+0000', '2021-07-15T01:14:48.000+0000',0, 3000,887,professional,1,1
'13290485', 'PHOENIX-5761', 'https://issues.apache.org/jira/rest/api/2/issue/13290485', '2020-03-11T16:47:20.000+0000', '2020-03-09T09:08:47.000+0000',2, 1200,530,neutral,1,1
'13239807', 'DOXIASITETOOLS-207', 'https://issues.apache.org/jira/rest/api/2/issue/13239807', '2019-06-16T19:35:31.000+0000', '2019-06-16T16:12:42.000+0000',0, 1200,884,neutral,1,1
'13409699', 'SM-4934', 'https://issues.apache.org/jira/rest/api/2/issue/13409699', '2021-11-02T21:49:56.000+0000', '2021-11-02T15:35:25.000+0000',0, 2400,1501,neutral,1,1
'13258215', 'JDKIM-44', 'https://issues.apache.org/jira/rest/api/2/issue/13258215', '2019-09-30T05:05:10.000+0000', '2019-09-23T04:05:56.000+0000',7, 1200,659,neutral,1,1
'13186113', 'HELIX-752', 'https://issues.apache.org/jira/rest/api/2/issue/13186113', '2019-02-27T18:52:42.000+0000', '2018-09-19T17:49:32.000+0000',161, 600,116,professional,1,1
'13094185', 'REEF-1864', 'https://issues.apache.org/jira/rest/api/2/issue/13094185', '2017-10-12T23:44:47.000+0000', '2017-08-11T19:50:46.000+0000',62, 1209600,261,professional,1,1
'13290303', 'ROL-2161', 'https://issues.apache.org/jira/rest/api/2/issue/13290303', '2020-03-15T14:53:20.000+0000', '2020-03-07T14:31:51.000+0000',8, 1200,193,frustrated,1,1
'13112946', 'POLYGENE-276', 'https://issues.apache.org/jira/rest/api/2/issue/13112946', '2017-10-30T05:54:35.000+0000', '2017-10-30T05:52:38.000+0000',0, 7200,1293,professional,1,1
'13112801', 'OFBIZ-9908', 'https://issues.apache.org/jira/rest/api/2/issue/13112801', '2019-04-09T12:00:27.000+0000', '2017-10-28T11:10:04.000+0000',528, 259200,462,neutral,1,1
'13056145', 'STORM-2414', 'https://issues.apache.org/jira/rest/api/2/issue/13056145', '2017-03-20T08:54:54.000+0000', '2017-03-15T01:35:31.000+0000',5, 19200,416,neutral,1,1
'13372082', 'LIMINAL-72', 'https://issues.apache.org/jira/rest/api/2/issue/13372082', '2021-04-18T10:11:58.000+0000', '2021-04-13T16:26:06.000+0000',4, 600,509,neutral,1,1
'13232750', 'ISIS-2117', 'https://issues.apache.org/jira/rest/api/2/issue/13232750', '2019-05-12T07:16:54.000+0000', '2019-05-10T21:46:56.000+0000',1, 1200,1225,professional,1,1
'13215048', 'BIGTOP-3159', 'https://issues.apache.org/jira/rest/api/2/issue/13215048', '2019-02-19T04:43:00.000+0000', '2019-02-11T16:49:37.000+0000',7, 600,300,neutral,1,1
'13252827', 'SINGA-484', 'https://issues.apache.org/jira/rest/api/2/issue/13252827', '2019-11-02T16:12:18.000+0000', '2019-08-24T19:26:53.000+0000',69, 2400,510,professional,1,1
'13111203', 'MRESOLVER-33', 'https://issues.apache.org/jira/rest/api/2/issue/13111203', '2019-06-08T17:53:05.000+0000', '2017-10-22T02:28:43.000+0000',594, 1200,559,neutral,1,1
'13289343', 'EMAIL-190', 'https://issues.apache.org/jira/rest/api/2/issue/13289343', '2020-03-05T23:04:00.000+0000', '2020-03-03T21:50:09.000+0000',2, 1200,2902,neutral,1,1
'13315157', 'MINIFICPP-1280', 'https://issues.apache.org/jira/rest/api/2/issue/13315157', '2020-07-06T15:44:30.000+0000', '2020-07-06T12:51:23.000+0000',0, 2400,978,neutral,1,1
'13379261', 'NETBEANS-5693', 'https://issues.apache.org/jira/rest/api/2/issue/13379261', '2021-05-22T12:44:06.000+0000', '2021-05-19T09:56:39.000+0000',3, 5400,1171,neutral,1,1
'13061702', 'CARBONDATA-865', 'https://issues.apache.org/jira/rest/api/2/issue/13061702', '2017-04-06T06:50:16.000+0000', '2017-04-05T11:34:24.000+0000',0, 3600,2182,neutral,1,1
'13265477', 'TRAINING-26', 'https://issues.apache.org/jira/rest/api/2/issue/13265477', '2019-12-27T15:28:35.000+0000', '2019-10-31T08:40:11.000+0000',57, 1200,116,neutral,1,1
'13250562', 'ROL-2148', 'https://issues.apache.org/jira/rest/api/2/issue/13250562', '2019-08-14T10:17:01.000+0000', '2019-08-13T14:05:40.000+0000',0, 4800,1521,professional,1,1
'13299520', 'BATCHEE-140', 'https://issues.apache.org/jira/rest/api/2/issue/13299520', '2020-04-20T05:36:39.000+0000', '2020-04-19T19:51:20.000+0000',0, 600,866,neutral,1,1
'13435776', 'TOMEE-3876', 'https://issues.apache.org/jira/rest/api/2/issue/13435776', '2022-03-25T13:01:13.000+0000', '2022-03-25T10:31:11.000+0000',0, 2400,958,neutral,0,0
'13245768', 'AMQ-7244', 'https://issues.apache.org/jira/rest/api/2/issue/13245768', '2019-08-07T05:47:43.000+0000', '2019-07-18T11:58:27.000+0000',19, 3600,82,neutral,1,1
'13294160', 'TOBAGO-2023', 'https://issues.apache.org/jira/rest/api/2/issue/13294160', '2020-03-26T17:07:42.000+0000', '2020-03-26T10:06:15.000+0000',0, 1200,1410,neutral,1,1
'13269690', 'DAEMON-414', 'https://issues.apache.org/jira/rest/api/2/issue/13269690', '2019-11-21T19:27:36.000+0000', '2019-11-20T23:10:17.000+0000',0, 1200,1400,neutral,1,1
'13228247', 'XMLBEANS-540', 'https://issues.apache.org/jira/rest/api/2/issue/13228247', '2019-04-18T08:20:16.000+0000', '2019-04-16T05:47:03.000+0000',2, 600,1369,casual,1,1
'13211468', 'GEOMETRY-38', 'https://issues.apache.org/jira/rest/api/2/issue/13211468', '2019-01-25T14:46:54.000+0000', '2019-01-24T06:47:48.000+0000',1, 2400,966,neutral,1,1
'13215004', 'CAMEL-13179', 'https://issues.apache.org/jira/rest/api/2/issue/13215004', '2019-02-12T14:35:04.000+0000', '2019-02-11T13:59:58.000+0000',1, 1200,2597,professional,1,1
'13179728', 'AMBARI-24503', 'https://issues.apache.org/jira/rest/api/2/issue/13179728', '2018-08-20T19:19:05.000+0000', '2018-08-18T05:39:37.000+0000',2, 3600,1316,frustrated,1,1
'13233057', 'TWILL-265', 'https://issues.apache.org/jira/rest/api/2/issue/13233057', '2020-01-21T20:02:55.000+0000', '2019-05-13T20:48:58.000+0000',252, 3000,78,neutral,1,1
'12806196', 'MRELEASE-229', 'https://issues.apache.org/jira/rest/api/2/issue/12806196', '2019-12-01T07:07:36.000+0000', '2007-05-04T05:56:31.000+0000',4594, 600,110,neutral,1,1
'13215995', 'MJDEPS-23', 'https://issues.apache.org/jira/rest/api/2/issue/13215995', '2019-05-28T12:10:33.000+0000', '2019-02-15T14:36:05.000+0000',101, 2400,139,neutral,1,1
'12810430', 'SUREFIRE-1004', 'https://issues.apache.org/jira/rest/api/2/issue/12810430', '2019-03-02T21:14:14.000+0000', '2013-06-11T14:08:52.000+0000',2090, 1200,179,professional,1,1
'12425707', 'VFS-257', 'https://issues.apache.org/jira/rest/api/2/issue/12425707', '2021-02-09T14:50:40.000+0000', '2009-05-18T06:43:13.000+0000',4285, 600,789,professional,1,1
'13181133', 'VALIDATOR-447', 'https://issues.apache.org/jira/rest/api/2/issue/13181133', '2020-06-26T23:02:02.000+0000', '2018-08-25T16:12:53.000+0000',671, 600,716,professional,1,1
'13217582', 'MSCMPUB-41', 'https://issues.apache.org/jira/rest/api/2/issue/13217582', '2019-07-24T21:14:43.000+0000', '2019-02-23T09:45:06.000+0000',151, 1200,382,casual,1,1
'13232216', 'SQOOP-3438', 'https://issues.apache.org/jira/rest/api/2/issue/13232216', '2019-06-05T08:41:55.000+0000', '2019-05-08T13:15:16.000+0000',27, 12000,129,professional,1,1
'13097819', 'TAMAYA-277', 'https://issues.apache.org/jira/rest/api/2/issue/13097819', '2019-04-29T20:30:04.000+0000', '2017-08-27T08:51:10.000+0000',610, 28800,160,professional,1,1
'12948244', 'EDGENT-17', 'https://issues.apache.org/jira/rest/api/2/issue/12948244', '2016-03-09T21:15:17.000+0000', '2016-03-09T01:51:02.000+0000',0, 14400,907,neutral,1,1
'13258675', 'HUDI-275', 'https://issues.apache.org/jira/rest/api/2/issue/13258675', '2019-10-31T23:23:43.000+0000', '2019-09-25T02:39:30.000+0000',36, 1200,87,neutral,1,1
'13187162', 'USERGRID-1348', 'https://issues.apache.org/jira/rest/api/2/issue/13187162', '2018-09-25T01:16:02.000+0000', '2018-09-25T00:07:26.000+0000',0, 1800,414,neutral,1,1
'13232536', 'MAHOUT-2067', 'https://issues.apache.org/jira/rest/api/2/issue/13232536', '2019-05-22T18:29:06.000+0000', '2019-05-09T21:14:51.000+0000',12, 8400,307,casual,1,1
'13393820', 'JAMES-3626', 'https://issues.apache.org/jira/rest/api/2/issue/13393820', '2021-08-16T02:51:22.000+0000', '2021-08-06T03:41:36.000+0000',9, 6000,2285,professional,1,1
'13083533', 'SPOT-186', 'https://issues.apache.org/jira/rest/api/2/issue/13083533', '2019-09-13T21:58:24.000+0000', '2017-06-29T17:57:55.000+0000',806, 10200,1163,professional,1,1
'13226416', 'MPMD-281', 'https://issues.apache.org/jira/rest/api/2/issue/13226416', '2019-04-10T17:41:44.000+0000', '2019-04-05T18:19:39.000+0000',4, 1200,239,neutral,1,1
'13251005', 'HTTPASYNC-152', 'https://issues.apache.org/jira/rest/api/2/issue/13251005', '2019-08-21T13:21:22.000+0000', '2019-08-15T12:10:30.000+0000',6, 2400,5266,neutral,1,1
'13260749', 'FINCN-180', 'https://issues.apache.org/jira/rest/api/2/issue/13260749', '2019-10-18T14:11:36.000+0000', '2019-10-06T06:55:25.000+0000',12, 14400,833,frustrated,1,1
'13431545', 'ZEPPELIN-5664', 'https://issues.apache.org/jira/rest/api/2/issue/13431545', '2022-03-07T07:02:04.000+0000', '2022-03-02T17:25:24.000+0000',4, 1800,144,neutral,1,1
'13361528', 'MAILBOX-404', 'https://issues.apache.org/jira/rest/api/2/issue/13361528', '2022-05-05T04:32:20.000+0000', '2021-03-01T07:06:29.000+0000',429, 1800,348,neutral,1,1
'13256565', 'FINCN-176', 'https://issues.apache.org/jira/rest/api/2/issue/13256565', '2019-09-17T15:03:47.000+0000', '2019-09-13T15:08:22.000+0000',3, 1200,1258,neutral,1,1
'13400064', 'CASSANDRA-16927', 'https://issues.apache.org/jira/rest/api/2/issue/13400064', '2021-10-07T11:30:22.000+0000', '2021-09-08T17:50:17.000+0000',28, 1200,336,professional,1,1
'13210628', 'EMPIREDB-285', 'https://issues.apache.org/jira/rest/api/2/issue/13210628', '2020-05-04T10:54:15.000+0000', '2019-01-20T19:31:41.000+0000',469, 600,682,neutral,1,1
'13270472', 'WSS-659', 'https://issues.apache.org/jira/rest/api/2/issue/13270472', '2020-01-09T12:54:24.000+0000', '2019-11-25T15:27:17.000+0000',44, 1200,122,neutral,1,1
'12927713', 'SYSTEMDS-141', 'https://issues.apache.org/jira/rest/api/2/issue/12927713', '2016-01-06T18:48:44.000+0000', '2015-08-14T17:56:15.000+0000',145, 144000,457,neutral,1,1
'13222390', 'SAMZA-2132', 'https://issues.apache.org/jira/rest/api/2/issue/13222390', '2019-03-24T04:00:22.000+0000', '2019-03-18T18:27:40.000+0000',5, 3000,435,professional,1,1
'13210407', 'MIME4J-283', 'https://issues.apache.org/jira/rest/api/2/issue/13210407', '2021-05-25T04:55:52.000+0000', '2019-01-18T15:17:34.000+0000',857, 600,219,professional,1,1
'13036493', 'TWILL-206', 'https://issues.apache.org/jira/rest/api/2/issue/13036493', '2020-01-15T23:33:00.000+0000', '2017-01-20T09:57:34.000+0000',1090, 1200,119,professional,1,1
'13319662', 'KAFKA-10316', 'https://issues.apache.org/jira/rest/api/2/issue/13319662', '2020-08-06T18:15:50.000+0000', '2020-07-28T02:35:55.000+0000',9, 9000,754,professional,1,1
'13411169', 'HADOOP-18003', 'https://issues.apache.org/jira/rest/api/2/issue/13411169', '2021-11-15T13:46:02.000+0000', '2021-11-11T01:47:12.000+0000',4, 8400,315,neutral,1,1
'13113679', 'DAFFODIL-261', 'https://issues.apache.org/jira/rest/api/2/issue/13113679', '2017-06-01T23:00:59.000+0000', '2012-07-26T12:34:22.000+0000',1771, 2880,131,neutral,1,1
'13283188', 'TEPHRA-305', 'https://issues.apache.org/jira/rest/api/2/issue/13283188', '2020-02-14T07:54:12.000+0000', '2020-02-04T08:32:49.000+0000',9, 1200,145,neutral,1,1
'13298872', 'INFRA-20127', 'https://issues.apache.org/jira/rest/api/2/issue/13298872', '2020-04-20T17:24:08.000+0000', '2020-04-16T17:24:32.000+0000',3, 5400,513,neutral,1,1
'13281798', 'JEXL-324', 'https://issues.apache.org/jira/rest/api/2/issue/13281798', '2020-01-27T21:49:25.000+0000', '2020-01-27T20:35:01.000+0000',0, 1200,1855,professional,1,1
'13216726', 'CASSANDRASC-9', 'https://issues.apache.org/jira/rest/api/2/issue/13216726', '2019-02-22T17:26:13.000+0000', '2019-02-19T19:12:27.000+0000',2, 1200,183,professional,1,1
'12928816', 'TAP5-2525', 'https://issues.apache.org/jira/rest/api/2/issue/12928816', '2016-03-14T21:55:46.000+0000', '2016-01-09T01:56:05.000+0000',65, 1200,1217,neutral,1,1
'13258220', 'JSPF-105', 'https://issues.apache.org/jira/rest/api/2/issue/13258220', '2019-09-30T07:45:23.000+0000', '2019-09-23T04:28:46.000+0000',7, 13800,368,neutral,1,1
'13239307', 'FLUME-3338', 'https://issues.apache.org/jira/rest/api/2/issue/13239307', '2019-10-23T12:23:03.000+0000', '2019-06-13T15:04:19.000+0000',131, 3600,511,professional,1,1
'13184996', 'MPOM-209', 'https://issues.apache.org/jira/rest/api/2/issue/13184996', '2019-01-20T13:37:04.000+0000', '2018-09-13T20:07:18.000+0000',128, 2400,123,neutral,1,1
'13260210', 'EAGLE-1101', 'https://issues.apache.org/jira/rest/api/2/issue/13260210', '2019-10-02T23:04:09.000+0000', '2019-10-02T22:53:36.000+0000',0, 600,952,neutral,1,1
'13226290', 'AIRAVATA-3008', 'https://issues.apache.org/jira/rest/api/2/issue/13226290', '2019-05-07T21:41:54.000+0000', '2019-04-05T01:55:49.000+0000',32, 1200,494,neutral,1,1
'13219367', 'ANY23-429', 'https://issues.apache.org/jira/rest/api/2/issue/13219367', '2019-03-05T23:39:52.000+0000', '2019-03-04T19:18:12.000+0000',1, 1200,5957,neutral,1,1
'13203301', 'MPH-160', 'https://issues.apache.org/jira/rest/api/2/issue/13203301', '2019-04-13T07:03:05.000+0000', '2018-12-09T19:08:12.000+0000',124, 1200,5336,neutral,1,1
'13197993', 'FLINK-10858', 'https://issues.apache.org/jira/rest/api/2/issue/13197993', '2019-04-25T09:22:11.000+0000', '2018-11-13T09:09:21.000+0000',163, 600,393,neutral,1,1
'13189156', 'IO-585', 'https://issues.apache.org/jira/rest/api/2/issue/13189156', '2021-06-07T13:37:35.000+0000', '2018-10-03T13:02:39.000+0000',978, 6000,124,frustrated,1,1
'13280224', 'MYFACES-4318', 'https://issues.apache.org/jira/rest/api/2/issue/13280224', '2021-01-06T19:49:39.000+0000', '2020-01-17T21:17:01.000+0000',354, 600,169,neutral,1,1
'13241321', 'MSITE-842', 'https://issues.apache.org/jira/rest/api/2/issue/13241321', '2019-07-01T13:19:36.000+0000', '2019-06-24T18:30:16.000+0000',6, 1200,2508,professional,1,1
'13264830', 'WAGON-573', 'https://issues.apache.org/jira/rest/api/2/issue/13264830', '2020-02-16T11:31:33.000+0000', '2019-10-28T14:24:42.000+0000',110, 1200,79,neutral,1,1
'13281223', 'SCIMPLE-87', 'https://issues.apache.org/jira/rest/api/2/issue/13281223', '2020-01-27T14:13:24.000+0000', '2020-01-23T15:26:47.000+0000',3, 1200,185,professional,1,1
'13210557', 'COLLECTIONS-709', 'https://issues.apache.org/jira/rest/api/2/issue/13210557', '2019-01-20T15:06:17.000+0000', '2019-01-19T23:30:11.000+0000',0, 1800,848,neutral,1,1
'13205143', 'DISPATCH-1225', 'https://issues.apache.org/jira/rest/api/2/issue/13205143', '2018-12-24T00:49:36.000+0000', '2018-12-18T14:39:09.000+0000',5, 1200,191,casual,1,1
'13011351', 'FLAGON-103', 'https://issues.apache.org/jira/rest/api/2/issue/13011351', '2016-10-20T13:25:20.000+0000', '2016-10-11T14:08:34.000+0000',8, 14400,31,neutral,1,0
'13231024', 'BEAM-7194', 'https://issues.apache.org/jira/rest/api/2/issue/13231024', '2019-06-06T23:08:26.000+0000', '2019-05-01T00:02:48.000+0000',36, 8400,67,neutral,1,1
'12926018', 'APEXMALHAR-1958', 'https://issues.apache.org/jira/rest/api/2/issue/12926018', '2016-01-05T18:07:05.000+0000', '2015-12-29T09:42:37.000+0000',7, 57600,165,neutral,1,1
'13245611', 'TEPHRA-304', 'https://issues.apache.org/jira/rest/api/2/issue/13245611', '2019-07-18T19:25:01.000+0000', '2019-07-17T19:46:26.000+0000',0, 2400,327,frustrated,1,1
'13268979', 'IOTDB-306', 'https://issues.apache.org/jira/rest/api/2/issue/13268979', '2020-02-26T02:48:00.000+0000', '2019-11-18T03:25:25.000+0000',99, 3000,1548,professional,1,1
'13243060', 'TRAFODION-3315', 'https://issues.apache.org/jira/rest/api/2/issue/13243060', '2019-07-08T16:19:58.000+0000', '2019-07-03T17:47:41.000+0000',4, 2400,385,frustrated,1,1
'13278456', 'HDDS-2859', 'https://issues.apache.org/jira/rest/api/2/issue/13278456', '2020-01-16T22:56:40.000+0000', '2020-01-09T13:56:24.000+0000',7, 1800,535,neutral,1,1
'13278609', 'IOTDB-412', 'https://issues.apache.org/jira/rest/api/2/issue/13278609', '2020-02-02T10:45:12.000+0000', '2020-01-10T04:22:16.000+0000',23, 1200,139,neutral,0,0
'13211738', 'LENS-1541', 'https://issues.apache.org/jira/rest/api/2/issue/13211738', '2019-04-24T12:48:27.000+0000', '2019-01-25T07:07:15.000+0000',89, 600,226,neutral,1,1
'13261145', 'MINIFI-518', 'https://issues.apache.org/jira/rest/api/2/issue/13261145', '2019-10-09T02:19:24.000+0000', '2019-10-08T15:45:02.000+0000',0, 3000,1533,neutral,1,1
'13438559', 'ZOOKEEPER-4515', 'https://issues.apache.org/jira/rest/api/2/issue/13438559', '2022-04-09T17:44:51.000+0000', '2022-04-08T10:18:59.000+0000',1, 4200,198,neutral,1,1
'13275710', 'JENA-1804', 'https://issues.apache.org/jira/rest/api/2/issue/13275710', '2019-12-23T14:02:00.000+0000', '2019-12-20T10:59:38.000+0000',3, 1200,499,neutral,1,1
'13278239', 'MDEPLOY-265', 'https://issues.apache.org/jira/rest/api/2/issue/13278239', '2020-12-24T17:28:07.000+0000', '2020-01-08T19:36:14.000+0000',350, 600,74,neutral,1,1
'13322410', 'IMAGING-263', 'https://issues.apache.org/jira/rest/api/2/issue/13322410', '2020-08-13T01:20:15.000+0000', '2020-08-12T23:13:50.000+0000',0, 3000,2228,professional,1,1
'13362002', 'MAILBOX-405', 'https://issues.apache.org/jira/rest/api/2/issue/13362002', '2021-03-11T05:06:27.000+0000', '2021-03-03T04:01:26.000+0000',8, 16200,480,neutral,1,1
'13371802', 'YETUS-1107', 'https://issues.apache.org/jira/rest/api/2/issue/13371802', '2021-10-26T16:19:30.000+0000', '2021-04-12T13:19:47.000+0000',197, 4800,423,neutral,1,1
'13359808', 'BROOKLYN-629', 'https://issues.apache.org/jira/rest/api/2/issue/13359808', '2021-03-06T15:50:44.000+0000', '2021-02-20T17:11:19.000+0000',13, 3600,299,neutral,1,1
'13386030', 'HDFS-16091', 'https://issues.apache.org/jira/rest/api/2/issue/13386030', '2021-10-31T00:34:33.000+0000', '2021-06-26T20:59:04.000+0000',126, 10800,105,neutral,1,1
'13270801', 'SDAP-214', 'https://issues.apache.org/jira/rest/api/2/issue/13270801', '2019-12-02T23:40:35.000+0000', '2019-11-26T20:08:26.000+0000',6, 1200,370,casual,1,1
'12960838', 'HBASE-15685', 'https://issues.apache.org/jira/rest/api/2/issue/12960838', '2016-04-28T01:33:46.000+0000', '2016-04-21T17:15:43.000+0000',6, 10800,292,neutral,1,1
'13308232', 'ARROW-8979', 'https://issues.apache.org/jira/rest/api/2/issue/13308232', '2020-06-06T12:42:47.000+0000', '2020-05-29T05:55:17.000+0000',8, 7200,500,professional,1,1
'13309320', 'INLONG-197', 'https://issues.apache.org/jira/rest/api/2/issue/13309320', '2020-06-19T09:34:55.000+0000', '2020-06-04T02:18:10.000+0000',15, 7200,306,professional,1,1
'13043977', 'MRELEASE-980', 'https://issues.apache.org/jira/rest/api/2/issue/13043977', '2019-12-08T19:41:25.000+0000', '2017-02-17T12:53:16.000+0000',1024, 600,751,neutral,1,1
'13252085', 'MYRIAD-318', 'https://issues.apache.org/jira/rest/api/2/issue/13252085', '2019-08-26T12:38:14.000+0000', '2019-08-21T09:31:39.000+0000',5, 1200,156,professional,1,1
'13120255', 'CLEREZZA-1023', 'https://issues.apache.org/jira/rest/api/2/issue/13120255', '2022-02-08T16:53:54.000+0000', '2017-11-22T15:28:01.000+0000',1539, 1200,124,casual,1,1
'13032652', 'MESOS-6874', 'https://issues.apache.org/jira/rest/api/2/issue/13032652', '2019-03-19T18:39:14.000+0000', '2017-01-06T20:08:05.000+0000',801, 2400,653,frustrated,1,1
'13343897', 'SEDONA-4', 'https://issues.apache.org/jira/rest/api/2/issue/13343897', '2022-04-17T06:02:43.000+0000', '2020-12-03T03:55:09.000+0000',500, 1200,43,neutral,1,1
'13375411', 'ATLAS-4263', 'https://issues.apache.org/jira/rest/api/2/issue/13375411', '2021-05-04T10:02:22.000+0000', '2021-04-27T18:19:47.000+0000',6, 3600,1696,frustrated,1,1
'13364006', 'MNEMONIC-633', 'https://issues.apache.org/jira/rest/api/2/issue/13364006', '2021-05-25T01:34:59.000+0000', '2021-03-12T04:36:51.000+0000',73, 1800,51,neutral,1,1
'13217178', 'SQOOP-3427', 'https://issues.apache.org/jira/rest/api/2/issue/13217178', '2019-03-18T09:28:39.000+0000', '2019-02-21T12:08:35.000+0000',24, 4800,16,casual,1,1
'13411326', 'HTTPCLIENT-2184', 'https://issues.apache.org/jira/rest/api/2/issue/13411326', '2021-11-12T22:44:27.000+0000', '2021-11-11T17:09:45.000+0000',1, 3000,1034,neutral,1,1
'13209651', 'ARTEMIS-2229', 'https://issues.apache.org/jira/rest/api/2/issue/13209651', '2019-01-16T02:08:35.000+0000', '2019-01-15T13:58:58.000+0000',0, 1200,1840,neutral,1,1
'12904020', 'DOXIASITETOOLS-109', 'https://issues.apache.org/jira/rest/api/2/issue/12904020', '2020-03-02T19:41:39.000+0000', '2015-10-11T07:32:59.000+0000',1604, 1200,434,frustrated,1,1
'13190071', 'FEDIZ-232', 'https://issues.apache.org/jira/rest/api/2/issue/13190071', '2019-02-20T11:57:27.000+0000', '2018-10-08T12:03:40.000+0000',134, 600,1091,professional,1,1
'13288888', 'CXF-8229', 'https://issues.apache.org/jira/rest/api/2/issue/13288888', '2020-03-07T10:46:10.000+0000', '2020-03-02T14:07:49.000+0000',4, 1200,419,professional,1,1
'13269461', 'LIVY-714', 'https://issues.apache.org/jira/rest/api/2/issue/13269461', '2019-11-25T03:49:12.000+0000', '2019-11-20T01:49:14.000+0000',5, 1200,438,neutral,1,1
'13219645', 'JDO-778', 'https://issues.apache.org/jira/rest/api/2/issue/13219645', '2020-01-12T15:41:16.000+0000', '2019-03-05T19:46:54.000+0000',312, 3000,1068,professional,1,1
'13287088', 'MCHANGES-405', 'https://issues.apache.org/jira/rest/api/2/issue/13287088', '2020-04-08T23:12:09.000+0000', '2020-02-23T19:45:38.000+0000',45, 2400,60,neutral,1,1
'13380820', 'RANGER-3298', 'https://issues.apache.org/jira/rest/api/2/issue/13380820', '2021-12-08T06:27:36.000+0000', '2021-05-27T16:12:44.000+0000',194, 2400,605,neutral,1,1
'13218158', 'HELIX-805', 'https://issues.apache.org/jira/rest/api/2/issue/13218158', '2019-02-26T19:59:49.000+0000', '2019-02-26T19:40:18.000+0000',0, 1200,1218,neutral,1,1
'13231526', 'DELTASPIKE-1377', 'https://issues.apache.org/jira/rest/api/2/issue/13231526', '2019-08-12T10:55:24.000+0000', '2019-05-03T20:35:34.000+0000',100, 1200,1480,professional,1,1
'12498315', 'SHIRO-261', 'https://issues.apache.org/jira/rest/api/2/issue/12498315', '2021-09-07T19:29:14.000+0000', '2011-02-11T02:31:38.000+0000',3861, 19800,101,neutral,1,1
'13216086', 'MSCRIPTING-1', 'https://issues.apache.org/jira/rest/api/2/issue/13216086', '2019-03-08T09:32:00.000+0000', '2019-02-15T21:54:52.000+0000',20, 600,277,professional,1,1
'13251369', 'GEOMETRY-60', 'https://issues.apache.org/jira/rest/api/2/issue/13251369', '2019-09-25T18:51:20.000+0000', '2019-08-17T03:12:39.000+0000',39, 1200,44,neutral,1,1
'13401319', 'SSHD-1213', 'https://issues.apache.org/jira/rest/api/2/issue/13401319', '2021-09-16T16:02:26.000+0000', '2021-09-15T09:04:44.000+0000',1, 1200,258,neutral,1,1
'13019344', 'ACCUMULO-4516', 'https://issues.apache.org/jira/rest/api/2/issue/13019344', '2019-04-23T16:07:21.000+0000', '2016-11-08T19:54:53.000+0000',895, 1800,141,frustrated,1,1
'13253770', 'SOLR-13727', 'https://issues.apache.org/jira/rest/api/2/issue/13253770', '2019-09-05T02:28:37.000+0000', '2019-08-29T18:58:33.000+0000',6, 4800,605,professional,1,1
'13392916', 'LIMINAL-82', 'https://issues.apache.org/jira/rest/api/2/issue/13392916', '2021-11-21T07:18:10.000+0000', '2021-08-01T09:16:26.000+0000',111, 3600,54,professional,1,1
'13227931', 'MSHADE-318', 'https://issues.apache.org/jira/rest/api/2/issue/13227931', '2019-06-21T10:01:43.000+0000', '2019-04-14T09:59:04.000+0000',68, 1200,319,frustrated,1,1
'13250592', 'MINIFI-510', 'https://issues.apache.org/jira/rest/api/2/issue/13250592', '2019-08-13T18:57:50.000+0000', '2019-08-13T16:17:51.000+0000',0, 1200,1140,neutral,1,1
'13219274', 'CXF-7989', 'https://issues.apache.org/jira/rest/api/2/issue/13219274', '2019-03-20T22:35:42.000+0000', '2019-03-04T13:12:26.000+0000',16, 1200,144,professional,1,1
'13182816', 'MEAR-271', 'https://issues.apache.org/jira/rest/api/2/issue/13182816', '2018-11-09T21:31:40.000+0000', '2018-09-04T13:52:51.000+0000',66, 600,359,neutral,1,1
'13173577', 'MCHECKSTYLE-358', 'https://issues.apache.org/jira/rest/api/2/issue/13173577', '2020-12-10T22:15:09.000+0000', '2018-07-21T05:46:47.000+0000',873, 1200,350,casual,1,1
'13335435', 'OLINGO-1487', 'https://issues.apache.org/jira/rest/api/2/issue/13335435', '2022-03-06T05:57:41.000+0000', '2020-10-14T14:48:51.000+0000',507, 1800,119,neutral,1,1
'13263565', 'BEANUTILS-528', 'https://issues.apache.org/jira/rest/api/2/issue/13263565', '2019-10-21T23:44:22.000+0000', '2019-10-21T14:31:44.000+0000',0, 1200,1123,neutral,1,1
'13450591', 'HIVE-26340', 'https://issues.apache.org/jira/rest/api/2/issue/13450591', '2022-06-17T10:59:46.000+0000', '2022-06-17T10:47:10.000+0000',0, 1200,3013,frustrated,1,1
'13187096', 'PIO-172', 'https://issues.apache.org/jira/rest/api/2/issue/13187096', '2019-02-20T10:00:47.000+0000', '2018-09-24T17:54:46.000+0000',148, 1200,343,professional,1,1
'13237127', 'BVAL-176', 'https://issues.apache.org/jira/rest/api/2/issue/13237127', '2019-06-04T14:14:25.000+0000', '2019-06-02T22:44:16.000+0000',1, 4800,2101,professional,1,1
'12958441', 'MWAR-371', 'https://issues.apache.org/jira/rest/api/2/issue/12958441', '2019-01-09T18:55:21.000+0000', '2016-04-13T11:17:09.000+0000',1001, 1200,823,frustrated,1,1
'13380911', 'JDKIM-46', 'https://issues.apache.org/jira/rest/api/2/issue/13380911', '2021-09-06T07:01:22.000+0000', '2021-05-28T06:26:36.000+0000',101, 1200,54,neutral,1,1
'13261101', 'ARIES-1934', 'https://issues.apache.org/jira/rest/api/2/issue/13261101', '2019-11-18T08:32:44.000+0000', '2019-10-08T11:44:50.000+0000',40, 1200,315,neutral,1,1
'13293336', 'GORA-649', 'https://issues.apache.org/jira/rest/api/2/issue/13293336', '2020-03-29T12:49:44.000+0000', '2020-03-23T16:09:53.000+0000',5, 1800,1964,neutral,1,1
'13234024', 'PARQUET-1581', 'https://issues.apache.org/jira/rest/api/2/issue/13234024', '2019-05-20T13:04:47.000+0000', '2019-05-17T18:21:11.000+0000',2, 9000,754,professional,1,1
'13137738', 'DOXIA-570', 'https://issues.apache.org/jira/rest/api/2/issue/13137738', '2019-05-30T10:12:57.000+0000', '2018-02-11T20:38:15.000+0000',472, 600,295,neutral,1,1
'13112832', 'MASSEMBLY-871', 'https://issues.apache.org/jira/rest/api/2/issue/13112832', '2019-02-17T11:08:43.000+0000', '2017-10-28T16:42:54.000+0000',476, 1200,1397,neutral,1,1
'13414903', 'LOG4NET-680', 'https://issues.apache.org/jira/rest/api/2/issue/13414903', '2021-12-16T08:08:19.000+0000', '2021-12-01T21:22:41.000+0000',14, 2400,229,professional,1,1
'13155907', 'FLINK-9272', 'https://issues.apache.org/jira/rest/api/2/issue/13155907', '2020-01-30T13:32:21.000+0000', '2018-04-28T16:23:55.000+0000',641, 1200,112,neutral,1,1
'13101237', 'MENFORCER-281', 'https://issues.apache.org/jira/rest/api/2/issue/13101237', '2018-01-07T15:23:52.000+0000', '2017-09-11T11:40:30.000+0000',118, 600,1317,professional,1,1
'13243412', 'MSITE-843', 'https://issues.apache.org/jira/rest/api/2/issue/13243412', '2019-07-07T17:53:02.000+0000', '2019-07-05T15:53:30.000+0000',2, 1200,168,professional,1,1
'13242678', 'SCB-1343', 'https://issues.apache.org/jira/rest/api/2/issue/13242678', '2019-07-08T07:38:57.000+0000', '2019-07-02T08:29:18.000+0000',5, 1200,60,neutral,1,1
'12773447', 'MARMOTTA-589', 'https://issues.apache.org/jira/rest/api/2/issue/12773447', '2016-05-02T13:30:17.000+0000', '2015-02-09T13:16:47.000+0000',448, 3600,106,neutral,1,1
'13434760', 'FTPSERVER-508', 'https://issues.apache.org/jira/rest/api/2/issue/13434760', '2022-04-12T15:14:46.000+0000', '2022-03-20T20:39:51.000+0000',22, 1200,112,neutral,1,1
'13236992', 'SYNAPSE-1104', 'https://issues.apache.org/jira/rest/api/2/issue/13236992', '2019-11-12T02:20:12.000+0000', '2019-05-31T23:13:57.000+0000',164, 1200,321,neutral,1,1
'13234927', 'TRAINING-15', 'https://issues.apache.org/jira/rest/api/2/issue/13234927', '2019-05-29T18:04:30.000+0000', '2019-05-22T15:18:25.000+0000',7, 1200,168,neutral,1,1
'13207269', 'HTTPCLIENT-1957', 'https://issues.apache.org/jira/rest/api/2/issue/13207269', '2019-01-02T16:20:25.000+0000', '2019-01-02T11:40:20.000+0000',0, 1200,1229,professional,1,1
'12484166', 'AMQNET-185', 'https://issues.apache.org/jira/rest/api/2/issue/12484166', '2016-01-08T18:52:34.000+0000', '2009-09-10T19:35:56.000+0000',2310, 7200,87,neutral,1,1
'13259445', 'MASSEMBLY-922', 'https://issues.apache.org/jira/rest/api/2/issue/13259445', '2020-04-18T11:36:19.000+0000', '2019-09-28T19:51:30.000+0000',202, 1200,257,neutral,1,1
'13255655', 'SYNCOPE-1489', 'https://issues.apache.org/jira/rest/api/2/issue/13255655', '2019-09-16T10:52:01.000+0000', '2019-09-09T14:24:55.000+0000',6, 3600,280,neutral,1,1
'13312842', 'SSHD-1020', 'https://issues.apache.org/jira/rest/api/2/issue/13312842', '2020-07-22T16:01:01.000+0000', '2020-06-22T13:55:47.000+0000',30, 1200,886,professional,1,1
'13397628', 'TAP5-2689', 'https://issues.apache.org/jira/rest/api/2/issue/13397628', '2021-12-02T20:07:14.000+0000', '2021-08-26T18:12:29.000+0000',98, 1200,405,professional,1,1
'13354956', 'MINIFICPP-1459', 'https://issues.apache.org/jira/rest/api/2/issue/13354956', '2021-02-02T15:46:09.000+0000', '2021-01-27T14:44:05.000+0000',6, 2400,357,neutral,1,1
'13383775', 'WW-5132', 'https://issues.apache.org/jira/rest/api/2/issue/13383775', '2021-06-27T07:35:13.000+0000', '2021-06-14T17:53:05.000+0000',12, 5400,159,professional,1,1
'13386610', 'JCLOUDS-1581', 'https://issues.apache.org/jira/rest/api/2/issue/13386610', '2021-06-30T01:13:57.000+0000', '2021-06-29T22:19:07.000+0000',0, 1200,4722,professional,1,1
'13222268', 'FILEUPLOAD-296', 'https://issues.apache.org/jira/rest/api/2/issue/13222268', '2019-03-25T14:21:07.000+0000', '2019-03-18T09:52:23.000+0000',7, 2400,469,professional,1,1
'13246639', 'WHIMSY-279', 'https://issues.apache.org/jira/rest/api/2/issue/13246639', '2019-07-31T15:45:49.000+0000', '2019-07-23T17:49:44.000+0000',7, 1800,235,neutral,1,1
'12936635', 'MARMOTTA-626', 'https://issues.apache.org/jira/rest/api/2/issue/12936635', '2016-05-02T13:20:25.000+0000', '2016-02-04T07:34:45.000+0000',88, 18000,528,neutral,1,1
'13190036', 'XMLBEANS-521', 'https://issues.apache.org/jira/rest/api/2/issue/13190036', '2019-03-03T14:30:01.000+0000', '2018-10-08T08:56:26.000+0000',146, 600,333,frustrated,1,1
'13242939', 'ARCHETYPE-569', 'https://issues.apache.org/jira/rest/api/2/issue/13242939', '2019-08-19T14:27:32.000+0000', '2019-07-03T08:40:49.000+0000',47, 1200,389,neutral,1,1
'13291949', 'SUBMARINE-432', 'https://issues.apache.org/jira/rest/api/2/issue/13291949', '2020-03-17T08:52:12.000+0000', '2020-03-16T11:37:07.000+0000',0, 1200,1267,frustrated,1,1
'13226578', 'MINDEXER-115', 'https://issues.apache.org/jira/rest/api/2/issue/13226578', '2019-05-11T11:45:46.000+0000', '2019-04-07T19:50:08.000+0000',33, 1200,602,professional,1,1
'13220082', 'NEMO-350', 'https://issues.apache.org/jira/rest/api/2/issue/13220082', '2019-06-25T06:30:59.000+0000', '2019-03-07T02:33:21.000+0000',110, 2400,211,professional,1,1
'13251768', 'GRIFFIN-281', 'https://issues.apache.org/jira/rest/api/2/issue/13251768', '2019-08-22T14:34:21.000+0000', '2019-08-20T07:28:15.000+0000',2, 2400,937,neutral,1,1
'13293208', 'FELIX-6246', 'https://issues.apache.org/jira/rest/api/2/issue/13293208', '2020-06-30T09:29:03.000+0000', '2020-03-22T23:21:32.000+0000',99, 600,382,neutral,1,1
'13432050', 'FTPSERVER-506', 'https://issues.apache.org/jira/rest/api/2/issue/13432050', '2022-04-14T11:49:21.000+0000', '2022-03-04T16:06:46.000+0000',40, 4800,826,frustrated,1,1
'13257152', 'MPIR-385', 'https://issues.apache.org/jira/rest/api/2/issue/13257152', '2020-01-18T21:15:09.000+0000', '2019-09-17T15:32:46.000+0000',123, 1200,138,professional,1,1
'13354013', 'SLING-10087', 'https://issues.apache.org/jira/rest/api/2/issue/13354013', '2021-04-01T19:32:28.000+0000', '2021-01-22T17:52:23.000+0000',69, 12600,109,professional,1,1
'13271620', 'FINERACT-805', 'https://issues.apache.org/jira/rest/api/2/issue/13271620', '2020-06-12T01:04:32.000+0000', '2019-12-02T06:27:35.000+0000',192, 2400,294,professional,1,1
'13272493', 'PLC4X-160', 'https://issues.apache.org/jira/rest/api/2/issue/13272493', '2020-01-07T08:36:19.000+0000', '2019-12-05T13:00:18.000+0000',32, 1200,79,frustrated,1,1
'13017929', 'TS-5036', 'https://issues.apache.org/jira/rest/api/2/issue/13017929', '2016-11-04T04:36:47.000+0000', '2016-11-04T03:40:08.000+0000',0, 3000,2268,casual,1,1
'13217310', 'CASSANDRASC-11', 'https://issues.apache.org/jira/rest/api/2/issue/13217310', '2019-03-05T17:41:09.000+0000', '2019-02-21T22:04:28.000+0000',11, 1200,89,professional,1,1
'13257187', 'CELIX-468', 'https://issues.apache.org/jira/rest/api/2/issue/13257187', '2019-09-21T09:34:42.000+0000', '2019-09-17T18:03:22.000+0000',3, 3000,495,professional,1,1
'13310121', 'KUDU-3145', 'https://issues.apache.org/jira/rest/api/2/issue/13310121', '2020-06-12T07:07:16.000+0000', '2020-06-08T11:35:58.000+0000',3, 1200,415,neutral,1,1
'13222938', 'TAMAYA-385', 'https://issues.apache.org/jira/rest/api/2/issue/13222938', '2019-03-22T04:05:51.000+0000', '2019-03-20T20:45:28.000+0000',1, 3600,943,neutral,1,1
'13179504', 'OPENJPA-2747', 'https://issues.apache.org/jira/rest/api/2/issue/13179504', '2019-03-05T13:34:24.000+0000', '2018-08-17T05:33:59.000+0000',200, 600,128,neutral,1,1
'13273953', 'STREAMS-650', 'https://issues.apache.org/jira/rest/api/2/issue/13273953', '2019-12-12T17:13:52.000+0000', '2019-12-11T20:18:49.000+0000',0, 1200,1275,neutral,1,1
'13286792', 'MCHANGES-404', 'https://issues.apache.org/jira/rest/api/2/issue/13286792', '2020-02-22T11:18:46.000+0000', '2020-02-21T13:38:40.000+0000',0, 1200,2299,casual,1,1
'13294281', 'DATAFU-153', 'https://issues.apache.org/jira/rest/api/2/issue/13294281', '2020-03-27T17:07:01.000+0000', '2020-03-26T19:04:58.000+0000',0, 1800,761,neutral,1,1
'13129489', 'TEXT-111', 'https://issues.apache.org/jira/rest/api/2/issue/13129489', '2019-03-03T11:11:39.000+0000', '2018-01-09T10:19:10.000+0000',418, 4200,165,neutral,1,1
'13267273', 'MANTRUN-221', 'https://issues.apache.org/jira/rest/api/2/issue/13267273', '2019-12-13T15:28:55.000+0000', '2019-11-09T15:05:33.000+0000',34, 1200,711,professional,1,1
'13182938', 'MYFACES-4251', 'https://issues.apache.org/jira/rest/api/2/issue/13182938', '2019-01-07T18:48:39.000+0000', '2018-09-04T21:05:57.000+0000',124, 2400,5931,neutral,1,1
'13341982', 'COMPRESS-559', 'https://issues.apache.org/jira/rest/api/2/issue/13341982', '2020-12-26T08:27:58.000+0000', '2020-11-22T12:58:14.000+0000',33, 7200,310,neutral,1,1
'13225788', 'CAY-2557', 'https://issues.apache.org/jira/rest/api/2/issue/13225788', '2019-06-10T13:57:37.000+0000', '2019-04-03T12:03:00.000+0000',68, 1200,76,neutral,1,1
'13267609', 'IVY-1615', 'https://issues.apache.org/jira/rest/api/2/issue/13267609', '2021-03-29T04:45:18.000+0000', '2019-11-12T05:25:21.000+0000',502, 3600,192,neutral,1,1
'13344155', 'CRYPTO-153', 'https://issues.apache.org/jira/rest/api/2/issue/13344155', '2020-12-25T00:58:38.000+0000', '2020-12-04T05:52:07.000+0000',20, 1800,76,neutral,1,1
'13329176', 'BIGTOP-3415', 'https://issues.apache.org/jira/rest/api/2/issue/13329176', '2020-09-25T12:53:27.000+0000', '2020-09-24T10:09:50.000+0000',1, 3600,1305,neutral,1,1
'13189919', 'NETBEANSINFRA-139', 'https://issues.apache.org/jira/rest/api/2/issue/13189919', '2018-10-08T16:52:22.000+0000', '2018-10-06T22:11:55.000+0000',1, 1800,237,professional,1,1
'13262686', 'PHOENIX-5531', 'https://issues.apache.org/jira/rest/api/2/issue/13262686', '2019-12-03T17:34:09.000+0000', '2019-10-16T18:09:49.000+0000',47, 12600,1098,frustrated,1,1
'13297913', 'OPENMEETINGS-2256', 'https://issues.apache.org/jira/rest/api/2/issue/13297913', '2020-04-13T01:39:57.000+0000', '2020-04-12T21:13:43.000+0000',0, 1200,679,frustrated,1,1
'13297778', 'XALANC-790', 'https://issues.apache.org/jira/rest/api/2/issue/13297778', '2020-04-11T22:29:38.000+0000', '2020-04-11T15:15:19.000+0000',0, 1200,2149,neutral,1,1
'13291436', 'MNGSITE-398', 'https://issues.apache.org/jira/rest/api/2/issue/13291436', '2020-03-17T23:31:18.000+0000', '2020-03-12T22:31:24.000+0000',5, 1200,1021,casual,1,1
'13275874', 'GROOVY-9352', 'https://issues.apache.org/jira/rest/api/2/issue/13275874', '2019-12-22T09:00:02.000+0000', '2019-12-21T14:21:37.000+0000',0, 3600,1518,frustrated,1,1
'13150587', 'AMBARI-23493', 'https://issues.apache.org/jira/rest/api/2/issue/13150587', '2018-05-14T14:09:32.000+0000', '2018-04-06T13:09:25.000+0000',38, 4200,265,neutral,1,1
'13242328', 'WHIMSY-274', 'https://issues.apache.org/jira/rest/api/2/issue/13242328', '2019-07-08T00:23:43.000+0000', '2019-06-30T01:23:58.000+0000',7, 1200,545,professional,1,1
'12969905', 'DIRKRB-570', 'https://issues.apache.org/jira/rest/api/2/issue/12969905', '2016-05-24T02:50:11.000+0000', '2016-05-16T04:46:37.000+0000',7, 600,91,neutral,1,1
'13227049', 'GEODE-6624', 'https://issues.apache.org/jira/rest/api/2/issue/13227049', '2019-05-21T20:11:44.000+0000', '2019-04-09T21:49:06.000+0000',41, 9600,1361,neutral,1,1
'13336852', 'CALCITE-4350', 'https://issues.apache.org/jira/rest/api/2/issue/13336852', '2020-11-03T02:31:17.000+0000', '2020-10-23T05:59:30.000+0000',10, 1200,498,professional,1,1
'13265939', 'RAT-260', 'https://issues.apache.org/jira/rest/api/2/issue/13265939', '2019-11-05T06:23:12.000+0000', '2019-11-03T09:05:04.000+0000',1, 1200,2401,neutral,1,1
'13145939', 'XMLSCHEMA-51', 'https://issues.apache.org/jira/rest/api/2/issue/13145939', '2020-01-03T14:10:13.000+0000', '2018-03-17T09:07:55.000+0000',657, 1200,1887,neutral,1,1
'13226264', 'IMPALA-8389', 'https://issues.apache.org/jira/rest/api/2/issue/13226264', '2019-04-12T16:09:02.000+0000', '2019-04-04T21:43:20.000+0000',7, 10800,1158,professional,1,1
'13298796', 'SM-4352', 'https://issues.apache.org/jira/rest/api/2/issue/13298796', '2020-11-03T05:26:13.000+0000', '2020-04-16T12:09:55.000+0000',200, 4200,2900,frustrated,1,1
'13223229', 'ATLAS-3092', 'https://issues.apache.org/jira/rest/api/2/issue/13223229', '2019-04-01T17:36:29.000+0000', '2019-03-21T23:48:15.000+0000',10, 3600,452,professional,1,1
'13241341', 'ORC-523', 'https://issues.apache.org/jira/rest/api/2/issue/13241341', '2019-07-03T17:06:32.000+0000', '2019-06-24T20:52:54.000+0000',8, 1200,82,neutral,1,1
'13255901', 'NIFILIBS-1', 'https://issues.apache.org/jira/rest/api/2/issue/13255901', '2020-03-31T13:44:54.000+0000', '2019-09-10T14:08:31.000+0000',202, 1200,93,neutral,1,1
'13362679', 'TOMEE-2974', 'https://issues.apache.org/jira/rest/api/2/issue/13362679', '2021-03-09T11:46:41.000+0000', '2021-03-05T18:51:09.000+0000',3, 1200,451,professional,1,1
'13248582', 'BVAL-177', 'https://issues.apache.org/jira/rest/api/2/issue/13248582', '2019-08-02T13:12:32.000+0000', '2019-08-02T12:50:29.000+0000',0, 1200,1168,professional,1,1
'13082312', 'JOHNZON-131', 'https://issues.apache.org/jira/rest/api/2/issue/13082312', '2017-06-24T13:28:53.000+0000', '2017-06-24T13:24:44.000+0000',0, 600,1165,neutral,1,1
'13380832', 'IMPALA-10721', 'https://issues.apache.org/jira/rest/api/2/issue/13380832', '2021-06-02T22:00:55.000+0000', '2021-05-27T18:17:02.000+0000',6, 2400,235,neutral,1,1
'13219248', 'LUCENENET-607', 'https://issues.apache.org/jira/rest/api/2/issue/13219248', '2019-08-13T05:24:13.000+0000', '2019-03-04T09:36:12.000+0000',161, 5400,2472,professional,1,1
'13215946', 'FELIX-6058', 'https://issues.apache.org/jira/rest/api/2/issue/13215946', '2020-10-21T15:26:34.000+0000', '2019-02-15T10:26:48.000+0000',614, 600,43,neutral,1,1
'13097979', 'STORM-2712', 'https://issues.apache.org/jira/rest/api/2/issue/13097979', '2017-09-19T22:59:41.000+0000', '2017-08-28T14:26:16.000+0000',22, 3600,424,neutral,1,1
'13114902', 'DAFFODIL-1483', 'https://issues.apache.org/jira/rest/api/2/issue/13114902', '2016-05-04T14:59:30.000+0000', '2016-03-28T21:59:27.000+0000',36, 240,560,frustrated,1,1
'12997874', 'JOSHUA-299', 'https://issues.apache.org/jira/rest/api/2/issue/12997874', '2016-10-13T16:31:04.000+0000', '2016-08-17T10:48:53.000+0000',57, 120,211,professional,1,1
'13229918', 'RNG-96', 'https://issues.apache.org/jira/rest/api/2/issue/13229918', '2019-05-24T12:25:54.000+0000', '2019-04-24T16:14:04.000+0000',29, 3000,665,neutral,1,1
'13272329', 'ARIES-1956', 'https://issues.apache.org/jira/rest/api/2/issue/13272329', '2019-12-04T22:29:16.000+0000', '2019-12-04T22:16:05.000+0000',0, 600,1390,professional,1,1
'13208500', 'CAY-2509', 'https://issues.apache.org/jira/rest/api/2/issue/13208500', '2019-01-18T13:17:51.000+0000', '2019-01-09T09:30:46.000+0000',9, 600,416,professional,1,1
'13447507', 'IGNITE-17049', 'https://issues.apache.org/jira/rest/api/2/issue/13447507', '2022-06-01T10:50:30.000+0000', '2022-05-30T10:34:05.000+0000',2, 1200,1090,neutral,1,1
'13249148', 'METAMODEL-1217', 'https://issues.apache.org/jira/rest/api/2/issue/13249148', '2019-09-16T10:06:46.000+0000', '2019-08-06T15:11:18.000+0000',40, 3000,435,professional,1,1
'13283306', 'MPMD-297', 'https://issues.apache.org/jira/rest/api/2/issue/13283306', '2020-02-07T19:59:43.000+0000', '2020-02-04T18:34:46.000+0000',3, 1200,1031,professional,1,1
'13251477', 'HTTPCORE-593', 'https://issues.apache.org/jira/rest/api/2/issue/13251477', '2019-08-19T13:12:36.000+0000', '2019-08-18T20:43:15.000+0000',0, 1200,1113,neutral,1,1
'13403217', 'SOLR-15652', 'https://issues.apache.org/jira/rest/api/2/issue/13403217', '2022-03-10T21:23:28.000+0000', '2021-09-24T20:39:09.000+0000',167, 1200,348,frustrated,1,1
'13273290', 'FINERACT-809', 'https://issues.apache.org/jira/rest/api/2/issue/13273290', '2020-04-12T19:36:55.000+0000', '2019-12-09T09:20:31.000+0000',125, 8400,102,neutral,1,1
'13190817', 'PIO-181', 'https://issues.apache.org/jira/rest/api/2/issue/13190817', '2019-06-13T09:45:16.000+0000', '2018-10-11T04:33:45.000+0000',245, 1200,84,neutral,1,1
'13398778', 'IO-746', 'https://issues.apache.org/jira/rest/api/2/issue/13398778', '2021-09-03T13:49:35.000+0000', '2021-09-01T18:38:08.000+0000',1, 3000,1210,neutral,1,1
'13277268', 'ARCHETYPE-585', 'https://issues.apache.org/jira/rest/api/2/issue/13277268', '2020-07-13T20:18:26.000+0000', '2020-01-02T21:37:39.000+0000',192, 600,153,neutral,1,1
'13340718', 'DBCP-568', 'https://issues.apache.org/jira/rest/api/2/issue/13340718', '2021-01-13T19:37:38.000+0000', '2020-11-15T18:38:06.000+0000',59, 3600,1920,professional,1,1
'13217640', 'AAR-232', 'https://issues.apache.org/jira/rest/api/2/issue/13217640', '2019-03-09T21:46:06.000+0000', '2019-02-24T07:26:59.000+0000',13, 1200,208,professional,1,1
'13187841', 'MENFORCER-319', 'https://issues.apache.org/jira/rest/api/2/issue/13187841', '2019-02-22T21:04:33.000+0000', '2018-09-27T09:28:21.000+0000',148, 600,5524,neutral,1,1
'13241510', 'NIFIREG-289', 'https://issues.apache.org/jira/rest/api/2/issue/13241510', '2019-08-15T18:39:27.000+0000', '2019-06-25T15:13:47.000+0000',51, 4200,241,neutral,1,1
'13204664', 'DOXIA-583', 'https://issues.apache.org/jira/rest/api/2/issue/13204664', '2019-05-30T11:11:57.000+0000', '2018-12-15T16:40:54.000+0000',165, 1200,1959,professional,1,1
'13107217', 'MTOOLCHAINS-21', 'https://issues.apache.org/jira/rest/api/2/issue/13107217', '2019-06-03T17:24:50.000+0000', '2017-10-05T12:47:31.000+0000',606, 2400,444,frustrated,1,1
'13362782', 'CURATOR-590', 'https://issues.apache.org/jira/rest/api/2/issue/13362782', '2021-03-09T07:12:28.000+0000', '2021-03-06T15:30:39.000+0000',2, 13200,711,professional,1,1
'13291305', 'OLINGO-1435', 'https://issues.apache.org/jira/rest/api/2/issue/13291305', '2020-07-22T07:47:45.000+0000', '2020-03-12T12:24:32.000+0000',131, 600,113,frustrated,1,1
'13231375', 'AMATERASU-76', 'https://issues.apache.org/jira/rest/api/2/issue/13231375', '2019-05-08T11:16:14.000+0000', '2019-05-02T23:15:44.000+0000',5, 1200,524,neutral,1,1
'13287094', 'MLINKCHECK-36', 'https://issues.apache.org/jira/rest/api/2/issue/13287094', '2020-04-16T16:17:44.000+0000', '2020-02-23T19:50:51.000+0000',52, 1200,60,neutral,1,1
'13277972', 'ISIS-2258', 'https://issues.apache.org/jira/rest/api/2/issue/13277972', '2020-01-07T19:19:53.000+0000', '2020-01-07T17:25:04.000+0000',0, 1200,3174,neutral,1,1
'13270340', 'CODEC-270', 'https://issues.apache.org/jira/rest/api/2/issue/13270340', '2019-11-28T10:54:07.000+0000', '2019-11-24T22:46:17.000+0000',3, 1200,1152,neutral,1,1
'13092531', 'MDEP-579', 'https://issues.apache.org/jira/rest/api/2/issue/13092531', '2019-11-02T10:55:56.000+0000', '2017-08-04T17:02:45.000+0000',819, 2400,913,frustrated,1,1
'13298712', 'MGPG-78', 'https://issues.apache.org/jira/rest/api/2/issue/13298712', '2020-04-24T10:59:55.000+0000', '2020-04-16T06:15:09.000+0000',8, 600,1257,neutral,1,1
'13378187', 'IMAGING-305', 'https://issues.apache.org/jira/rest/api/2/issue/13378187', '2021-05-12T21:31:15.000+0000', '2021-05-12T20:17:55.000+0000',0, 2400,1073,neutral,1,1
'13186807', 'CODEC-250', 'https://issues.apache.org/jira/rest/api/2/issue/13186807', '2019-02-23T09:55:30.000+0000', '2018-09-22T13:24:10.000+0000',153, 600,169,frustrated,1,1
'13413418', 'YARN-11014', 'https://issues.apache.org/jira/rest/api/2/issue/13413418', '2022-04-18T14:13:06.000+0000', '2021-11-23T15:43:06.000+0000',145, 11400,2028,professional,1,1
'13231154', 'PARQUET-1566', 'https://issues.apache.org/jira/rest/api/2/issue/13231154', '2020-11-30T11:09:39.000+0000', '2019-05-01T22:37:29.000+0000',578, 3600,189,professional,1,1
'13363748', 'INLONG-576', 'https://issues.apache.org/jira/rest/api/2/issue/13363748', '2021-03-17T06:02:19.000+0000', '2021-03-11T06:23:43.000+0000',5, 3000,226,professional,1,1
'13218098', 'MYRIAD-289', 'https://issues.apache.org/jira/rest/api/2/issue/13218098', '2019-02-26T14:15:37.000+0000', '2019-02-26T13:52:40.000+0000',0, 2400,1260,neutral,1,1
'12664317', 'PROTOCOLS-106', 'https://issues.apache.org/jira/rest/api/2/issue/12664317', '2021-09-09T03:21:19.000+0000', '2013-08-19T09:25:10.000+0000',2942, 1800,1150,frustrated,1,1
'13222576', 'MCHECKSTYLE-371', 'https://issues.apache.org/jira/rest/api/2/issue/13222576', '2020-01-03T10:39:30.000+0000', '2019-03-19T13:13:56.000+0000',289, 1200,830,neutral,1,1
'13413421', 'IVY-1631', 'https://issues.apache.org/jira/rest/api/2/issue/13413421', '2021-11-24T15:20:28.000+0000', '2021-11-23T16:25:56.000+0000',0, 3000,2190,neutral,1,1
'13182381', 'SENTRY-2375', 'https://issues.apache.org/jira/rest/api/2/issue/13182381', '2018-09-06T14:12:02.000+0000', '2018-08-31T15:41:37.000+0000',5, 90000,376,professional,1,1
'12927797', 'SYSTEMDS-270', 'https://issues.apache.org/jira/rest/api/2/issue/12927797', '2016-01-06T18:48:41.000+0000', '2015-09-01T19:27:10.000+0000',126, 28800,317,neutral,1,1
'13152514', 'GEODE-5082', 'https://issues.apache.org/jira/rest/api/2/issue/13152514', '2018-04-22T23:01:49.000+0000', '2018-04-15T00:32:05.000+0000',7, 1800,768,professional,1,1
'13227782', 'ZOOKEEPER-3362', 'https://issues.apache.org/jira/rest/api/2/issue/13227782', '2019-05-08T15:51:34.000+0000', '2019-04-12T19:17:18.000+0000',25, 17400,526,neutral,1,1
'13238566', 'MRESOURCES-250', 'https://issues.apache.org/jira/rest/api/2/issue/13238566', '2021-12-06T15:54:38.000+0000', '2019-06-10T16:17:57.000+0000',909, 600,123,neutral,1,1
'13240441', 'MATH-1492', 'https://issues.apache.org/jira/rest/api/2/issue/13240441', '2019-06-20T13:32:39.000+0000', '2019-06-19T15:09:23.000+0000',0, 1200,5191,professional,1,1
'13394170', 'IGNITE-15273', 'https://issues.apache.org/jira/rest/api/2/issue/13394170', '2021-08-10T06:08:33.000+0000', '2021-08-09T10:12:37.000+0000',0, 1200,1501,professional,1,1
'13293072', 'METAMODEL-1224', 'https://issues.apache.org/jira/rest/api/2/issue/13293072', '2020-03-26T20:31:49.000+0000', '2020-03-21T06:59:06.000+0000',5, 3000,3102,neutral,1,1
'13110520', 'REEF-1906', 'https://issues.apache.org/jira/rest/api/2/issue/13110520', '2017-10-24T04:59:09.000+0000', '2017-10-18T23:00:47.000+0000',5, 86400,258,professional,1,1
'13365842', 'AVRO-3078', 'https://issues.apache.org/jira/rest/api/2/issue/13365842', '2022-05-03T21:22:19.000+0000', '2021-03-17T13:26:12.000+0000',412, 2400,119,frustrated,1,1
'12929047', 'GORA-456', 'https://issues.apache.org/jira/rest/api/2/issue/12929047', '2019-08-08T09:34:02.000+0000', '2016-01-10T22:29:09.000+0000',1305, 2400,281,frustrated,1,1
'13256389', 'CONFIGURATION-760', 'https://issues.apache.org/jira/rest/api/2/issue/13256389', '2019-09-12T20:16:43.000+0000', '2019-09-12T16:03:15.000+0000',0, 1200,5890,neutral,1,1
'13270456', 'GRIFFIN-301', 'https://issues.apache.org/jira/rest/api/2/issue/13270456', '2019-11-30T05:09:20.000+0000', '2019-11-25T14:13:59.000+0000',4, 1800,318,frustrated,1,1
'13450303', 'NIFI-10122', 'https://issues.apache.org/jira/rest/api/2/issue/13450303', '2022-06-16T16:13:09.000+0000', '2022-06-15T20:13:29.000+0000',0, 1200,1387,professional,1,1
'13232949', 'SCM-926', 'https://issues.apache.org/jira/rest/api/2/issue/13232949', '2019-05-13T15:21:33.000+0000', '2019-05-13T10:20:48.000+0000',0, 600,1600,professional,1,1
'13250528', 'OODT-1018', 'https://issues.apache.org/jira/rest/api/2/issue/13250528', '2019-08-24T14:37:11.000+0000', '2019-08-13T12:02:14.000+0000',11, 2400,176,neutral,1,1
'13362741', 'HDFS-15879', 'https://issues.apache.org/jira/rest/api/2/issue/13362741', '2021-03-27T09:01:24.000+0000', '2021-03-06T01:38:21.000+0000',21, 22200,334,neutral,1,1
'13226703', 'MESOS-9707', 'https://issues.apache.org/jira/rest/api/2/issue/13226703', '2019-04-09T15:36:51.000+0000', '2019-04-08T13:50:18.000+0000',1, 600,972,neutral,1,1
'13420550', 'LOG4J2-3310', 'https://issues.apache.org/jira/rest/api/2/issue/13420550', '2022-02-10T20:52:53.000+0000', '2022-01-04T09:42:32.000+0000',37, 600,162,neutral,1,1
'13411639', 'CURATOR-623', 'https://issues.apache.org/jira/rest/api/2/issue/13411639', '2022-05-22T01:59:42.000+0000', '2021-11-13T20:10:21.000+0000',189, 7800,147,professional,1,1
'13344759', 'CRYPTO-155', 'https://issues.apache.org/jira/rest/api/2/issue/13344759', '2020-12-11T21:34:47.000+0000', '2020-12-08T09:22:18.000+0000',3, 1800,1156,neutral,1,1
'13440746', 'YARN-11114', 'https://issues.apache.org/jira/rest/api/2/issue/13440746', '2022-05-11T16:06:41.000+0000', '2022-04-20T17:47:35.000+0000',20, 6600,925,professional,1,1
'13210259', 'JXR-143', 'https://issues.apache.org/jira/rest/api/2/issue/13210259', '2019-03-02T14:24:52.000+0000', '2019-01-17T22:47:30.000+0000',43, 1200,125,neutral,1,1
'13251545', 'SYNAPSE-1109', 'https://issues.apache.org/jira/rest/api/2/issue/13251545', '2019-08-20T16:48:37.000+0000', '2019-08-19T10:32:31.000+0000',1, 3000,1393,professional,1,1
'13263432', 'BEANUTILS-527', 'https://issues.apache.org/jira/rest/api/2/issue/13263432', '2019-10-21T13:39:09.000+0000', '2019-10-20T21:27:08.000+0000',0, 600,2863,professional,1,1
'13354036', 'LUCENE-9694', 'https://issues.apache.org/jira/rest/api/2/issue/13354036', '2021-01-29T20:27:21.000+0000', '2021-01-22T21:39:30.000+0000',6, 9600,891,professional,1,1
'13210216', 'CAMEL-13077', 'https://issues.apache.org/jira/rest/api/2/issue/13210216', '2019-01-25T10:15:43.000+0000', '2019-01-17T18:20:51.000+0000',7, 2400,475,neutral,1,1
'13282772', 'RAT-266', 'https://issues.apache.org/jira/rest/api/2/issue/13282772', '2020-02-01T16:16:18.000+0000', '2020-02-01T15:42:56.000+0000',0, 1200,948,neutral,1,1
'13302491', 'UNOMI-334', 'https://issues.apache.org/jira/rest/api/2/issue/13302491', '2020-05-03T09:43:11.000+0000', '2020-05-03T07:54:25.000+0000',0, 1800,3041,professional,1,1
'13426096', 'AVRO-3350', 'https://issues.apache.org/jira/rest/api/2/issue/13426096', '2022-02-02T07:37:16.000+0000', '2022-02-01T23:08:19.000+0000',0, 1800,1389,neutral,1,1
'13294513', 'MINVOKER-262', 'https://issues.apache.org/jira/rest/api/2/issue/13294513', '2020-06-05T18:58:00.000+0000', '2020-03-27T16:59:58.000+0000',70, 600,180,neutral,1,1
'13367219', 'FLUME-3389', 'https://issues.apache.org/jira/rest/api/2/issue/13367219', '2022-03-21T05:36:02.000+0000', '2021-03-24T12:10:41.000+0000',361, 7800,69,neutral,1,1
'12995518', 'QPID-7381', 'https://issues.apache.org/jira/rest/api/2/issue/12995518', '2016-09-06T15:11:28.000+0000', '2016-08-08T00:11:11.000+0000',29, 3600,230,professional,1,1
'13320275', 'COMPRESS-550', 'https://issues.apache.org/jira/rest/api/2/issue/13320275', '2020-10-07T02:29:17.000+0000', '2020-07-30T21:18:56.000+0000',68, 6000,756,professional,1,1
'13334198', 'ARTEMIS-2936', 'https://issues.apache.org/jira/rest/api/2/issue/13334198', '2020-11-03T01:15:05.000+0000', '2020-10-07T14:05:13.000+0000',26, 1200,196,neutral,1,1
'13232106', 'SINGA-455', 'https://issues.apache.org/jira/rest/api/2/issue/13232106', '2019-05-30T14:16:05.000+0000', '2019-05-07T21:24:15.000+0000',22, 1800,910,professional,1,1
'13169409', 'MPIR-373', 'https://issues.apache.org/jira/rest/api/2/issue/13169409', '2019-08-20T07:34:23.000+0000', '2018-07-01T15:49:45.000+0000',414, 600,5943,professional,1,1
'13344033', 'POOL-389', 'https://issues.apache.org/jira/rest/api/2/issue/13344033', '2020-12-03T16:04:50.000+0000', '2020-12-03T14:35:02.000+0000',0, 1800,3158,neutral,1,1
'13085910', 'OOZIE-2981', 'https://issues.apache.org/jira/rest/api/2/issue/13085910', '2017-07-17T15:10:17.000+0000', '2017-07-10T11:36:35.000+0000',7, 14400,114,neutral,1,1
'13391352', 'LOG4NET-671', 'https://issues.apache.org/jira/rest/api/2/issue/13391352', '2021-12-16T08:08:51.000+0000', '2021-07-22T12:35:29.000+0000',146, 600,648,professional,1,1
'13235214', 'MADLIB-1351', 'https://issues.apache.org/jira/rest/api/2/issue/13235214', '2019-12-18T22:06:40.000+0000', '2019-05-23T19:18:02.000+0000',209, 53400,12,professional,1,1
'12987124', 'DIRMINA-1039', 'https://issues.apache.org/jira/rest/api/2/issue/12987124', '2016-08-19T12:22:32.000+0000', '2016-07-06T11:34:46.000+0000',44, 600,136,professional,1,1
'13219384', 'TEXT-153', 'https://issues.apache.org/jira/rest/api/2/issue/13219384', '2019-03-05T13:10:29.000+0000', '2019-03-04T20:27:03.000+0000',0, 4800,814,professional,1,1
'13264148', 'SAMZA-2361', 'https://issues.apache.org/jira/rest/api/2/issue/13264148', '2019-11-06T18:12:37.000+0000', '2019-10-24T00:10:37.000+0000',13, 4200,885,professional,1,1
'13376196', 'MAPREDUCE-7342', 'https://issues.apache.org/jira/rest/api/2/issue/13376196', '2021-08-29T23:49:19.000+0000', '2021-05-01T08:19:15.000+0000',120, 3000,1124,professional,1,1
'13206942', 'HTTPCORE-565', 'https://issues.apache.org/jira/rest/api/2/issue/13206942', '2019-01-02T14:03:33.000+0000', '2018-12-29T16:54:26.000+0000',3, 600,508,neutral,1,1
'13294788', 'WAGON-585', 'https://issues.apache.org/jira/rest/api/2/issue/13294788', '2020-03-30T09:14:41.000+0000', '2020-03-29T00:49:52.000+0000',1, 1200,709,frustrated,1,1
'13211193', 'NETBEANS-1976', 'https://issues.apache.org/jira/rest/api/2/issue/13211193', '2019-03-17T19:14:28.000+0000', '2019-01-23T07:03:54.000+0000',53, 1200,1223,neutral,1,1
'13256221', 'MPLUGIN-353', 'https://issues.apache.org/jira/rest/api/2/issue/13256221', '2019-10-02T17:34:11.000+0000', '2019-09-11T23:21:42.000+0000',20, 600,75,neutral,1,1
'13147614', 'CB-13999', 'https://issues.apache.org/jira/rest/api/2/issue/13147614', '2019-03-23T16:16:18.000+0000', '2018-03-23T22:39:17.000+0000',364, 600,40,neutral,1,1
'13378923', 'SEDONA-33', 'https://issues.apache.org/jira/rest/api/2/issue/13378923', '2021-05-19T02:48:20.000+0000', '2021-05-18T02:00:16.000+0000',1, 1200,1694,neutral,1,1
'13262293', 'LOG4J2-2707', 'https://issues.apache.org/jira/rest/api/2/issue/13262293', '2019-12-03T06:02:04.000+0000', '2019-10-15T06:05:17.000+0000',48, 6000,204,professional,1,1
'13218041', 'SCB-1177', 'https://issues.apache.org/jira/rest/api/2/issue/13218041', '2019-04-10T08:18:15.000+0000', '2019-02-26T08:40:43.000+0000',42, 1200,273,neutral,1,1
'13444463', 'BEAM-14460', 'https://issues.apache.org/jira/rest/api/2/issue/13444463', '2022-05-17T23:37:56.000+0000', '2022-05-11T17:35:11.000+0000',6, 1200,853,neutral,1,0
'13259132', 'JOHNZON-282', 'https://issues.apache.org/jira/rest/api/2/issue/13259132', '2019-09-28T15:16:22.000+0000', '2019-09-26T20:46:53.000+0000',1, 7800,956,neutral,1,1
'13066862', 'BAHIR-112', 'https://issues.apache.org/jira/rest/api/2/issue/13066862', '2017-04-26T23:03:36.000+0000', '2017-04-25T21:58:45.000+0000',1, 14400,1375,neutral,1,1
'13298175', 'COLLECTIONS-759', 'https://issues.apache.org/jira/rest/api/2/issue/13298175', '2020-04-23T03:53:42.000+0000', '2020-04-14T03:28:08.000+0000',9, 6000,1294,frustrated,1,1
'13283403', 'WSS-663', 'https://issues.apache.org/jira/rest/api/2/issue/13283403', '2020-02-12T11:32:36.000+0000', '2020-02-05T08:30:36.000+0000',7, 600,5975,professional,1,1
'13128854', 'GROOVY-8433', 'https://issues.apache.org/jira/rest/api/2/issue/13128854', '2022-01-24T03:16:20.000+0000', '2018-01-05T16:52:41.000+0000',1479, 2400,2745,professional,1,1
'12631517', 'ACCUMULO-1055', 'https://issues.apache.org/jira/rest/api/2/issue/12631517', '2016-08-26T19:37:46.000+0000', '2013-02-08T20:47:47.000+0000',1294, 6600,522,neutral,1,1
'13298307', 'BCEL-336', 'https://issues.apache.org/jira/rest/api/2/issue/13298307', '2020-04-15T13:01:01.000+0000', '2020-04-14T14:59:15.000+0000',0, 1200,1174,neutral,1,1
'13274621', 'OPENJPA-2798', 'https://issues.apache.org/jira/rest/api/2/issue/13274621', '2020-07-06T12:17:02.000+0000', '2019-12-15T09:29:27.000+0000',204, 600,359,frustrated,1,1
'12461799', 'JDO-652', 'https://issues.apache.org/jira/rest/api/2/issue/12461799', '2020-01-12T15:43:10.000+0000', '2010-04-12T07:33:26.000+0000',3562, 1800,434,neutral,1,1
'13199876', 'SPOT-287', 'https://issues.apache.org/jira/rest/api/2/issue/13199876', '2019-09-18T14:37:48.000+0000', '2018-11-21T16:35:29.000+0000',300, 600,150,neutral,1,1
'13027578', 'TOBAGO-1666', 'https://issues.apache.org/jira/rest/api/2/issue/13027578', '2020-03-18T11:03:18.000+0000', '2016-12-12T20:31:21.000+0000',1191, 1200,56,neutral,1,1
'13236141', 'NUMBERS-104', 'https://issues.apache.org/jira/rest/api/2/issue/13236141', '2019-06-20T13:22:36.000+0000', '2019-05-29T01:06:48.000+0000',22, 3000,1916,neutral,1,1
'13341605', 'HOP-2211', 'https://issues.apache.org/jira/rest/api/2/issue/13341605', '2020-11-23T16:00:47.000+0000', '2020-11-19T15:25:12.000+0000',4, 1200,647,neutral,1,1
'13158081', 'ORC-361', 'https://issues.apache.org/jira/rest/api/2/issue/13158081', '2019-10-08T22:58:59.000+0000', '2018-05-09T04:06:59.000+0000',517, 1200,478,frustrated,1,1
'13227926', 'MSKINS-145', 'https://issues.apache.org/jira/rest/api/2/issue/13227926', '2019-05-05T04:31:57.000+0000', '2019-04-14T08:40:44.000+0000',20, 1200,188,neutral,1,1
'13339277', 'RATIS-1137', 'https://issues.apache.org/jira/rest/api/2/issue/13339277', '2020-11-07T14:32:50.000+0000', '2020-11-07T05:37:00.000+0000',0, 4800,1133,neutral,1,1
'13380913', 'JSIEVE-117', 'https://issues.apache.org/jira/rest/api/2/issue/13380913', '2021-09-06T06:53:54.000+0000', '2021-05-28T06:28:38.000+0000',101, 1200,354,professional,1,1
'13171205', 'MXNET-651', 'https://issues.apache.org/jira/rest/api/2/issue/13171205', '2018-08-06T04:16:50.000+0000', '2018-07-10T17:09:09.000+0000',26, 66600,267,neutral,1,1
'13164712', 'NET-660', 'https://issues.apache.org/jira/rest/api/2/issue/13164712', '2020-06-19T23:32:09.000+0000', '2018-06-07T15:25:42.000+0000',743, 1200,685,neutral,1,1
'13232803', 'MINDEXER-117', 'https://issues.apache.org/jira/rest/api/2/issue/13232803', '2019-07-29T23:20:03.000+0000', '2019-05-11T12:51:57.000+0000',79, 600,107,professional,1,1
'13291434', 'MNGSITE-397', 'https://issues.apache.org/jira/rest/api/2/issue/13291434', '2020-03-31T20:29:40.000+0000', '2020-03-12T22:26:59.000+0000',18, 2400,881,neutral,1,1
'13193829', 'POOL-356', 'https://issues.apache.org/jira/rest/api/2/issue/13193829', '2019-09-25T17:42:43.000+0000', '2018-10-24T10:50:54.000+0000',336, 4200,838,professional,1,1
'13244922', 'SUREFIRE-1679', 'https://issues.apache.org/jira/rest/api/2/issue/13244922', '2019-08-14T19:10:48.000+0000', '2019-07-15T10:13:35.000+0000',30, 2400,474,professional,1,1
'13345667', 'CSV-267', 'https://issues.apache.org/jira/rest/api/2/issue/13345667', '2020-12-12T19:07:11.000+0000', '2020-12-12T07:51:15.000+0000',0, 3600,2173,neutral,1,1
'12990699', 'APEXMALHAR-2161', 'https://issues.apache.org/jira/rest/api/2/issue/12990699', '2016-08-09T08:50:40.000+0000', '2016-07-19T09:00:20.000+0000',20, 28800,56,neutral,1,1
'12946417', 'MSOURCES-95', 'https://issues.apache.org/jira/rest/api/2/issue/12946417', '2019-06-23T13:45:35.000+0000', '2016-03-03T06:39:46.000+0000',1207, 1800,3064,neutral,1,1
'13408506', 'HOP-3444', 'https://issues.apache.org/jira/rest/api/2/issue/13408506', '2021-10-27T12:57:58.000+0000', '2021-10-26T16:31:53.000+0000',0, 2400,2125,neutral,1,1
'13256108', 'MSHADE-327', 'https://issues.apache.org/jira/rest/api/2/issue/13256108', '2019-09-11T21:19:48.000+0000', '2019-09-11T12:42:06.000+0000',0, 1200,171,neutral,1,1
'13382796', 'AMQNET-718', 'https://issues.apache.org/jira/rest/api/2/issue/13382796', '2021-09-14T12:40:32.000+0000', '2021-06-08T22:09:24.000+0000',97, 7800,394,neutral,1,1
'13226947', 'DAEMON-399', 'https://issues.apache.org/jira/rest/api/2/issue/13226947', '2019-06-11T15:34:45.000+0000', '2019-04-09T13:01:51.000+0000',63, 1200,611,frustrated,1,1
'13220233', 'KNOX-1812', 'https://issues.apache.org/jira/rest/api/2/issue/13220233', '2019-03-11T18:47:02.000+0000', '2019-03-07T15:06:14.000+0000',4, 9000,2532,professional,1,1
'13216765', 'CRUNCH-678', 'https://issues.apache.org/jira/rest/api/2/issue/13216765', '2019-02-20T00:26:44.000+0000', '2019-02-19T22:57:40.000+0000',0, 3000,1462,professional,1,1
'13266039', 'MDEP-663', 'https://issues.apache.org/jira/rest/api/2/issue/13266039', '2019-11-22T20:49:10.000+0000', '2019-11-04T06:09:41.000+0000',18, 1200,324,neutral,1,1
'13395018', 'MNEMONIC-672', 'https://issues.apache.org/jira/rest/api/2/issue/13395018', '2021-08-14T04:46:19.000+0000', '2021-08-13T05:41:52.000+0000',0, 600,2138,neutral,1,1
'13258214', 'JSIEVE-113', 'https://issues.apache.org/jira/rest/api/2/issue/13258214', '2019-09-30T05:04:25.000+0000', '2019-09-23T04:05:24.000+0000',7, 3000,154,neutral,1,1
'13091130', 'OOZIE-3017', 'https://issues.apache.org/jira/rest/api/2/issue/13091130', '2017-11-27T08:40:28.000+0000', '2017-07-31T09:07:34.000+0000',118, 57600,214,neutral,1,1
'13179142', 'BROOKLYN-597', 'https://issues.apache.org/jira/rest/api/2/issue/13179142', '2019-12-20T16:19:28.000+0000', '2018-08-15T18:11:34.000+0000',491, 9600,80,professional,1,1
'12797562', 'MNG-5669', 'https://issues.apache.org/jira/rest/api/2/issue/12797562', '2020-01-29T21:11:24.000+0000', '2014-07-28T11:14:12.000+0000',2011, 1200,1371,professional,1,1
'13011281', 'MIME4J-253', 'https://issues.apache.org/jira/rest/api/2/issue/13011281', '2021-11-22T15:19:08.000+0000', '2016-10-11T07:44:55.000+0000',1868, 2400,346,neutral,1,1
'13264747', 'MJAVADOC-626', 'https://issues.apache.org/jira/rest/api/2/issue/13264747', '2019-12-17T06:00:16.000+0000', '2019-10-28T07:33:52.000+0000',49, 1200,863,professional,1,1
'13425736', 'CALCITE-4995', 'https://issues.apache.org/jira/rest/api/2/issue/13425736', '2022-02-15T16:36:32.000+0000', '2022-01-31T10:00:07.000+0000',15, 2400,288,professional,1,1
'13185222', 'LIVY-513', 'https://issues.apache.org/jira/rest/api/2/issue/13185222', '2019-03-27T00:50:33.000+0000', '2018-09-14T18:35:37.000+0000',193, 1200,1413,neutral,1,1
'13261429', 'GOBBLIN-905', 'https://issues.apache.org/jira/rest/api/2/issue/13261429', '2019-11-07T23:19:25.000+0000', '2019-10-09T20:36:28.000+0000',29, 3600,1119,neutral,1,1
'13273514', 'RANGER-2671', 'https://issues.apache.org/jira/rest/api/2/issue/13273514', '2020-01-16T05:32:38.000+0000', '2019-12-10T03:55:46.000+0000',37, 600,392,frustrated,1,1
'13225524', 'VALIDATOR-455', 'https://issues.apache.org/jira/rest/api/2/issue/13225524', '2020-06-18T21:41:00.000+0000', '2019-04-02T14:11:17.000+0000',443, 600,187,neutral,1,1
'13246943', 'MINVOKER-249', 'https://issues.apache.org/jira/rest/api/2/issue/13246943', '2019-09-02T02:56:02.000+0000', '2019-07-25T02:03:41.000+0000',39, 1200,279,neutral,1,1
'13369032', 'DBCP-573', 'https://issues.apache.org/jira/rest/api/2/issue/13369032', '2021-05-31T15:11:55.000+0000', '2021-04-01T07:00:07.000+0000',60, 4800,527,professional,1,1
'13219343', 'ANY23-428', 'https://issues.apache.org/jira/rest/api/2/issue/13219343', '2020-03-29T23:12:46.000+0000', '2019-03-04T17:19:49.000+0000',391, 1200,80,neutral,1,1
'13236563', 'MEAR-278', 'https://issues.apache.org/jira/rest/api/2/issue/13236563', '2020-06-09T18:30:13.000+0000', '2019-05-30T18:38:59.000+0000',375, 600,51,frustrated,1,1
'13263698', 'SUBMARINE-257', 'https://issues.apache.org/jira/rest/api/2/issue/13263698', '2019-11-11T01:29:52.000+0000', '2019-10-22T04:47:16.000+0000',19, 600,547,neutral,1,1
'13255894', 'CONFIGURATION-756', 'https://issues.apache.org/jira/rest/api/2/issue/13255894', '2019-09-12T14:53:01.000+0000', '2019-09-10T13:37:57.000+0000',2, 600,2172,professional,1,1
'13258213', 'JSPF-104', 'https://issues.apache.org/jira/rest/api/2/issue/13258213', '2019-09-30T05:05:39.000+0000', '2019-09-23T04:04:50.000+0000',7, 1200,552,neutral,1,1
'13296128', 'FREEMARKER-139', 'https://issues.apache.org/jira/rest/api/2/issue/13296128', '2020-04-05T14:00:12.000+0000', '2020-04-03T22:08:07.000+0000',1, 1200,648,neutral,1,1
'13297822', 'OPENMEETINGS-2251', 'https://issues.apache.org/jira/rest/api/2/issue/13297822', '2020-04-15T05:27:28.000+0000', '2020-04-11T23:56:26.000+0000',3, 1200,345,frustrated,1,1
